J03191_at,338,198,197,365,195,73,64,130,96,269,20,133,90,135,878,223,365,367,181,305,219,28,20,20,113,122,274,176,237,155,20,51,309,112,106,196,309,20,126,30,112,121,320,20,47,105,721,1132,924,881,754,1029,739,154,73,416,605,458,120,306,237,353,580,375,246,257,292,259,263
U67674_at,55,68,53,58,54,70,78,106,84,131,153,151,155,114,89,83,63,83,89,180,75,181,356,624,908,74,110,111,95,102,355,480,66,110,93,70,73,85,88,114,120,122,117,116,131,126,49,59,54,107,56,50,84,76,85,58,66,50,95,101,56,41,42,45,42,45,36,55,44
U07802_at,72,62,46,66,61,33,39,65,94,44,61,27,80,31,251,36,112,62,38,52,69,63,20,20,31,41,75,50,80,77,20,20,154,57,81,51,43,36,40,66,145,147,138,106,71,147,247,111,96,155,58,190,265,224,170,207,205,251,304,168,238,266,308,331,275,283,322,278,434
U45955_at,54,154,133,148,65,122,20,20,103,82,20,24,52,28,44,46,97,26,27,223,96,36,68,20,20,20,63,60,41,20,20,21,66,40,310,20,20,43,20,400,486,589,708,600,726,681,254,305,83,20,20,56,22,726,960,876,202,175,789,353,815,982,633,777,931,1026,889,792,929
U33818_at,147,96,77,115,77,94,116,47,68,92,38,65,91,43,136,200,93,76,73,77,110,47,52,20,20,70,62,76,97,53,35,43,163,27,91,61,66,56,107,20,48,31,49,29,26,44,134,149,144,177,186,167,129,58,60,73,113,155,96,99,118,80,141,86,137,119,108,115,164
M34458_rna1_s_at,148,126,287,192,217,181,152,142,66,123,212,159,81,141,106,98,102,157,201,149,122,213,119,167,116,191,151,84,139,83,161,135,230,80,62,150,150,87,127,31,46,20,87,38,29,21,176,104,216,123,197,124,41,22,20,46,127,189,39,24,55,20,71,36,22,31,33,28,20
M36067_at,71,108,106,117,154,116,140,55,76,102,48,122,81,87,71,89,70,113,77,88,101,114,126,42,100,106,89,89,57,56,64,84,51,50,44,60,127,49,85,35,42,20,60,20,21,39,59,34,73,116,61,93,32,35,100,59,91,130,58,54,63,44,65,20,20,23,20,23,20
M34057_at,115,96,105,84,150,71,280,134,117,68,57,137,74,99,181,82,122,126,210,67,151,71,64,85,61,90,71,157,89,116,20,112,59,75,91,100,100,116,109,99,88,104,108,86,115,139,1080,77,48,104,147,426,182,257,372,301,362,368,288,296,323,166,323,75,70,92,63,83,93
L19593_at,23,20,20,20,21,20,26,42,56,56,76,57,51,48,32,44,29,29,22,44,33,114,96,171,148,21,36,32,27,34,76,82,30,37,31,28,39,42,27,62,56,59,54,56,61,50,24,30,28,34,20,20,32,22,31,21,20,20,29,31,20,20,20,20,22,20,20,24,20
M37400_at,111,162,91,99,108,135,77,20,26,20,20,20,20,20,29,27,25,84,57,41,47,20,20,39,20,116,20,20,42,39,24,20,24,20,42,49,26,52,20,20,20,20,29,23,20,29,45,55,50,189,51,78,20,132,170,67,120,104,83,47,116,157,79,103,108,96,93,92,91
M31303_rna1_at,724,579,608,619,676,651,751,243,927,927,606,871,1066,568,466,746,472,581,604,908,699,964,732,830,1093,515,634,534,830,467,1106,842,573,576,696,791,631,819,751,183,250,225,265,167,93,267,452,275,395,508,515,404,187,263,226,288,428,608,381,193,329,226,287,301,343,277,256,271,228
U79245_at,639,375,288,317,301,257,360,913,796,1019,1042,729,679,967,620,1319,427,430,402,811,612,637,999,2079,329,421,701,527,520,380,1464,386,633,465,490,618,608,305,501,514,383,367,451,397,462,341,539,535,489,658,532,575,375,230,130,183,267,268,240,180,340,244,259,196,189,214,190,250,205
M62302_at,36,34,65,82,54,103,20,20,20,20,28,22,20,49,20,20,20,107,34,69,20,20,20,20,20,37,20,20,20,20,20,20,21,20,122,34,20,43,20,81,138,97,152,202,120,127,83,20,20,20,20,20,20,747,502,523,34,47,699,29,453,237,142,320,343,359,374,378,341
L36818_at,105,60,25,55,40,34,61,32,20,31,20,20,20,20,109,30,95,48,54,24,52,22,33,20,30,59,27,69,36,72,20,54,102,45,90,64,63,59,35,46,84,64,72,65,85,97,151,116,142,256,143,180,166,167,142,165,188,209,191,138,217,141,170,221,240,199,243,237,209
M31520_rna1_s_at,1184,861,549,805,506,533,535,310,138,561,349,252,529,371,412,812,454,449,293,412,167,220,406,57,104,286,1131,622,113,220,137,109,579,758,839,895,390,124,373,147,127,77,133,68,94,88,653,481,536,761,397,783,593,580,667,578,783,897,696,620,536,518,681,507,570,545,483,405,607
U30521_at,1274,1308,1393,1075,1284,1341,1222,849,1414,348,353,1080,878,676,362,1073,851,1003,1137,1025,1224,1104,683,470,1005,1040,468,836,966,605,1352,1281,687,626,810,1330,1082,1614,1094,282,147,22,159,131,45,139,538,97,222,651,1245,894,716,132,159,412,614,694,454,504,561,71,498,139,173,92,116,304,50
L43338_at,37,38,38,34,29,26,40,81,55,51,57,69,27,64,34,46,41,43,33,35,41,54,36,20,55,35,20,30,29,62,20,52,22,35,37,32,47,43,39,71,62,77,57,76,65,71,21,33,24,27,25,20,25,32,39,32,30,31,32,28,33,28,25,27,28,39,27,38,36
X04828_at,35,23,59,126,20,118,20,29,103,20,20,20,20,20,68,20,125,54,20,20,55,20,20,20,20,22,20,20,34,21,20,29,44,20,73,20,20,59,20,20,236,324,274,31,33,185,287,127,146,30,225,197,609,291,167,494,135,135,120,273,412,304,454,387,430,351,397,394,375
U16954_at,931,845,1107,1187,969,1172,1010,588,928,469,579,1237,812,649,70,1032,880,984,1159,1108,740,1443,808,945,861,981,378,626,1102,387,682,747,407,699,874,872,848,1069,786,337,276,169,309,486,177,222,607,108,211,455,261,54,71,75,46,114,191,434,155,176,323,49,320,335,352,329,313,287,269
X73608_at,62,237,108,52,213,123,41,73,82,69,75,162,80,497,66,122,106,65,476,139,299,68,69,211,100,417,84,93,728,71,90,248,123,66,188,130,79,127,41,58,82,155,105,328,222,150,39,46,31,36,36,36,59,36,39,37,52,63,32,29,46,35,32,230,282,289,306,241,242
U49973_xpt2_at,58,74,71,43,65,71,78,93,85,63,40,70,107,130,60,124,52,46,87,106,100,114,51,54,139,80,85,76,86,84,71,130,53,86,82,81,57,120,66,44,33,22,32,53,48,40,33,23,22,45,34,24,22,75,74,40,53,48,81,26,51,29,32,43,42,51,49,50,43
HG3255-HT3432_at,49,33,27,28,37,30,44,71,87,79,46,61,119,47,55,65,62,46,50,74,56,77,73,80,73,48,67,55,76,60,70,60,66,84,61,53,58,62,74,65,77,70,67,67,71,69,44,50,52,36,46,28,56,35,35,29,34,30,38,31,32,31,31,35,32,54,31,40,34
X67155_at,110,98,90,112,99,109,118,185,135,221,160,131,113,143,160,166,110,127,132,100,131,143,88,96,57,117,112,176,156,131,67,66,118,147,144,128,177,134,129,130,113,129,123,115,127,118,137,115,124,148,145,131,132,121,91,87,119,125,132,76,92,65,88,76,69,76,77,79,67
M20137_at,117,75,68,101,83,24,99,143,93,165,121,149,102,105,123,160,112,86,121,80,114,97,117,86,106,140,147,148,113,133,139,98,132,83,126,88,102,117,113,209,189,198,188,172,176,172,117,124,90,128,108,109,84,163,108,128,98,92,142,56,149,118,95,107,95,118,111,101,121
D89667_at,478,366,248,287,205,251,289,74,154,78,60,95,131,48,191,39,157,172,108,83,135,97,846,732,20,172,225,58,149,117,1011,83,239,106,329,428,241,71,228,69,68,35,89,94,100,73,168,98,147,287,245,294,239,358,240,318,288,353,242,271,307,262,339,227,242,201,268,261,256
D13631_s_at,21,54,20,31,20,20,20,20,20,20,20,20,20,20,20,20,34,20,20,20,28,20,20,20,20,20,20,20,20,20,36,20,20,20,20,20,20,20,20,36,98,40,99,63,44,84,194,20,20,20,20,20,20,20,33,62,23,27,26,24,114,141,89,329,365,331,396,314,293
X60188_at,27,45,95,109,83,131,86,20,20,20,20,20,20,20,20,20,31,25,38,20,20,20,20,20,20,80,20,20,28,20,20,20,71,20,44,20,20,55,20,20,20,20,20,20,20,22,28,20,39,20,20,73,20,27,46,175,69,93,25,98,91,165,121,135,155,157,142,160,143
U79271_at,131,203,297,123,159,244,168,49,64,61,72,37,32,113,34,205,63,84,180,204,82,67,82,63,62,174,88,83,105,36,22,285,148,56,106,97,90,230,30,22,43,20,20,27,20,25,20,20,20,20,20,20,20,79,76,109,81,71,142,52,86,105,78,96,149,95,98,77,100
AB000381_s_at,20,20,20,20,20,20,20,43,48,45,52,34,37,44,33,36,23,20,20,32,26,38,20,29,22,20,43,29,42,23,43,40,28,33,25,20,22,31,29,31,30,32,30,36,34,33,20,21,20,20,20,20,20,20,20,20,20,20,20,20,20,20,20,20,20,20,32,20,20
D87077_at,56,113,120,83,200,121,94,20,37,20,20,25,20,20,20,23,53,34,87,21,41,23,37,20,105,86,20,31,65,34,41,26,32,20,72,46,49,91,52,21,20,20,20,20,20,20,20,20,20,21,24,22,20,60,99,66,75,54,68,68,73,91,57,67,66,65,51,66,63
U51336_at,492,419,238,268,214,200,252,228,199,277,173,240,254,207,207,302,462,446,262,216,296,192,199,79,143,169,275,212,152,124,84,167,331,168,254,329,238,156,106,216,150,759,167,249,239,367,148,107,96,96,146,184,147,433,160,145,139,170,411,322,248,281,237,626,678,593,590,630,668
U79248_at,47,60,66,53,61,62,50,47,54,32,38,21,39,50,27,59,43,56,56,46,53,42,71,73,31,67,32,41,50,46,49,53,34,41,58,58,55,49,76,34,36,21,26,27,46,36,22,20,20,20,20,20,28,25,37,30,24,34,38,37,32,26,26,38,31,35,38,36,33
L15409_at,190,179,183,170,176,206,176,342,274,318,294,350,305,337,236,283,212,181,210,295,272,360,2035,1826,94,245,311,250,244,265,2562,125,293,260,266,244,303,370,292,316,284,267,285,280,293,274,180,169,185,197,191,143,147,164,141,157,135,139,144,136,160,118,116,165,126,151,166,187,120
U66879_at,83,20,51,98,46,30,20,20,20,20,20,20,20,20,85,20,20,20,20,20,20,20,20,260,20,32,20,20,20,20,20,20,20,20,20,20,20,20,20,20,20,350,20,20,20,20,25,20,20,20,20,87,66,71,129,151,97,98,123,90,135,111,97,20,47,22,52,20,48
M57464_s_at,293,192,73,111,32,38,52,161,108,315,331,57,131,123,231,277,176,186,119,188,67,99,73,25,22,77,690,287,96,130,26,20,308,268,262,210,175,41,206,121,128,78,165,68,109,84,257,281,307,303,283,292,265,94,20,63,102,126,119,62,119,55,88,88,62,66,83,75,65
M65254_at,146,170,124,135,133,120,163,294,244,237,206,300,248,215,161,251,167,183,163,212,241,210,178,221,205,173,227,170,239,262,207,259,135,197,128,233,168,189,167,320,231,172,216,174,200,169,130,189,153,102,95,73,136,33,58,30,107,97,37,20,74,90,73,150,120,100,136,88,107
D42041_at,178,103,182,249,200,191,128,118,104,116,76,94,90,132,195,165,198,170,200,99,113,90,72,105,94,257,66,205,108,273,84,115,221,113,197,148,277,137,162,110,156,113,169,145,84,100,329,323,339,347,436,376,314,221,219,246,251,263,303,221,147,274,222,215,221,209,173,163,187
,MED,MED,MED,MED,MED,MED,MED,MED,MED,MED,MED,MED,MED,MED,MED,MED,MED,MED,MED,MED,MED,MED,MED,MED,MED,MED,MED,MED,MED,MED,MED,MED,MED,MED,MED,MED,MED,MED,MED,MGL,MGL,MGL,MGL,MGL,MGL,MGL,RHB,RHB,RHB,RHB,RHB,RHB,RHB,EPD,EPD,EPD,EPD,EPD,EPD,EPD,EPD,EPD,EPD,JPA,JPA,JPA,JPA,JPA,JPA
